{"posts_time": [1676243813.5948143, 1676243832.0809858], "ip_count": {"127.0.0.1": 2}, "ip_time": {"127.0.0.1": 1676243813.5948143}}